set dateformat dmy
GO
INSERT INTO HANGHANGKHONG(MAHANGHK, TENHANGHK)
VALUES(N'BAM',N'Bamboo Ariway')
GO
INSERT INTO HANGHANGKHONG(MAHANGHK, TENHANGHK)
VALUES(N'VJ',N'VietJet')
GO
INSERT INTO HANGHANGKHONG(MAHANGHK, TENHANGHK)
VALUES(N'VAL',N'Vietnam AirLine')
GO
INSERT INTO PHONGBAN(MAPHONG, TENPHG,TRPHG,MAHANGHK)
VALUES(N'QLBAW',N'QUẢN LÝ',null,N'BAM')
GO
INSERT INTO PHONGBAN(MAPHONG, TENPHG,TRPHG,MAHANGHK)
VALUES(N'KTBAW',N'KỸ THUẬT',null,N'BAM')
GO
INSERT INTO PHONGBAN(MAPHONG, TENPHG,TRPHG,MAHANGHK)
VALUES(N'DHBAW',N'ĐIỀU HÀNH',null,N'BAM')
GO
INSERT INTO PHONGBAN(MAPHONG, TENPHG,TRPHG,MAHANGHK)
VALUES(N'QLVJ',N'QUẢN LÝ',null,N'VJ')
GO
INSERT INTO PHONGBAN(MAPHONG, TENPHG,TRPHG,MAHANGHK)
VALUES(N'KTVJ',N'KỸ THUẬT',null,N'VJ')
GO
INSERT INTO PHONGBAN(MAPHONG, TENPHG,TRPHG,MAHANGHK)
VALUES(N'DHVJ',N'ĐIỀU HÀNH',null,N'VJ')
GO
INSERT INTO PHONGBAN(MAPHONG, TENPHG,TRPHG,MAHANGHK)
VALUES(N'QLVAL',N'QUẢN LÝ',null,N'VAL')
GO
INSERT INTO PHONGBAN(MAPHONG, TENPHG,TRPHG,MAHANGHK)
VALUES(N'KTVAL',N'KỸ THUẬT',null,N'VAL')
GO
INSERT INTO PHONGBAN(MAPHONG, TENPHG,TRPHG,MAHANGHK)
VALUES(N'DHVAL',N'ĐIỀU HÀNH',null,N'VAL')

GO
INSERT INTO NHANVIEN(MANV, MAPHG,HONV,TENNV,NSINHNV,SDTNV,DIACHINV,CCCD,PHAI,LUONG,MANGQL,PHANLOAI)
VALUES(N'QL001BAM',N'QLBAW',N'ĐÀM THANH',N'BÌNH','01/02/1980',N'0657289465',
N'A24 Cống Quỳnh, Phường Nguyễn Cư Trinh, Quận 1, Thành phố Hồ Chí Minh',N'094869580012',N'NAM',35000000,NULL,N'Phi công')
GO
INSERT INTO NHANVIEN(MANV, MAPHG,HONV,TENNV,NSINHNV,SDTNV,DIACHINV,CCCD,PHAI,LUONG,MANGQL,PHANLOAI)
VALUES(N'QL002BAM',N'QLBAW',N'PHẠM NGỌC',N'SƠN','02/04/1987',N'0986758930',
N'149 , Đường Nguyễn Du, Phường Bến Thành, Quận 1, Bến Nghé, Quận 1, Thành phố Hồ Chí Minh',N'092584292342',N'NAM',24000000,N'QL001BAM',N'Phi công')
GO
INSERT INTO NHANVIEN(MANV, MAPHG,HONV,TENNV,NSINHNV,SDTNV,DIACHINV,CCCD,PHAI,LUONG,MANGQL,PHANLOAI)
VALUES(N'QL003BAM',N'QLBAW',N'TRẦN HOÀI',N'SƠN','05/12/1986',N'0986547283',
N'A19 Cống Quỳnh, Phường Nguyễn Cư Trinh, Quận 1, Thành phố Hồ Chí Minh',N'093869843231',N'NAM',21000000,N'QL001BAM',N'Phi công')
GO
INSERT INTO NHANVIEN(MANV, MAPHG,HONV,TENNV,NSINHNV,SDTNV,DIACHINV,CCCD,PHAI,LUONG,MANGQL,PHANLOAI)
VALUES(N'NV001BAM',N'KTBAW',N'NGUYỄN CHÍ',N'THÀNH','09/05/1994',N'0924873212',
N'60 Võ Văn Kiệt, Phường Nguyễn Thái Bình, Quận 1, Thành phố Hồ Chí Minh',N'093768392192',N'NAM',9800000,N'QL003BAM',N'Phi công')
GO
INSERT INTO NHANVIEN(MANV, MAPHG,HONV,TENNV,NSINHNV,SDTNV,DIACHINV,CCCD,PHAI,LUONG,MANGQL,PHANLOAI)
VALUES(N'NV002BAM',N'KTBAW',N'TRẦN THỊ',N'HUỆ','07/05/1993',N'0768766509',
N'60 Đ. số 10, Khu Phố 5, Quận 2, Thành phố Hồ Chí Minh',N'097887322535',N'NỮ',11590000,N'QL003BAM',N'Phi công')
GO
INSERT INTO NHANVIEN(MANV, MAPHG,HONV,TENNV,NSINHNV,SDTNV,DIACHINV,CCCD,PHAI,LUONG,MANGQL,PHANLOAI)
VALUES(N'NV003BAM',N'KTBAW',N'VŨ THỊ THU',N'HOA','09/06/1991',N'0128493522',
N'Số 67 Đường Mai Chí Thọ, An Phú, Quận 2, Thành phố Hồ Chí Minh',N'028972353221',N'NỮ',14790000,N'QL003BAM',N'Phi công')
GO
INSERT INTO NHANVIEN(MANV, MAPHG,HONV,TENNV,NSINHNV,SDTNV,DIACHINV,CCCD,PHAI,LUONG,MANGQL,PHANLOAI)
VALUES(N'NV004BAM',N'DHBAW',N'NGUYỄN THỊ',N'THẮNG','01/01/1998',N'0986758101',
N'78 Số 1, P. Bình An, Quận 2, Thành phố Hồ Chí Minh',N'073492384241',N'NỮ',19400000,N'QL002BAM',N'Phi công')
GO
INSERT INTO NHANVIEN(MANV, MAPHG,HONV,TENNV,NSINHNV,SDTNV,DIACHINV,CCCD,PHAI,LUONG,MANGQL,PHANLOAI)
VALUES(N'NV005BAM',N'DHBAW',N'PHẠM THỊ',N'SÁU','09/12/1993',N'0872615311',
N'76 Đường Thạnh Mỹ Lợi, Phường Thạnh Mỹ Lợi, Quận 2, Thành phố Hồ Chí Minh',N'019824712431',N'NỮ',16600000,N'QL002BAM',N'Phi công')
GO
INSERT INTO NHANVIEN(MANV, MAPHG,HONV,TENNV,NSINHNV,SDTNV,DIACHINV,CCCD,PHAI,LUONG,MANGQL,PHANLOAI)
VALUES(N'NV006BAM',N'DHBAW',N'TRẦN CÔNG',N'CHUÔNG','06/02/1997',N'0992372396',
N'163 Trương Văn Bang, Phường Thạnh Mỹ Lợi, Quận 2, Thành phố Hồ Chí Minh',N'095289384234',N'NAM',14000000,N'QL002BAM',N'Phi công')
GO
INSERT INTO NHANVIEN(MANV, MAPHG,HONV,TENNV,NSINHNV,SDTNV,DIACHINV,CCCD,PHAI,LUONG,MANGQL,PHANLOAI)
VALUES(N'NV007BAM',N'DHBAW',N'PHẠM ANH',N'TÚ','9/12/1993',N'0348792342',
N'386 Lê Văn Sỹ, Phường 14, Quận 3, Thành phố Hồ Chí Minh',N'093475345234',N'NAM',15000000,N'QL002BAM',N'Phi công')
GO
INSERT INTO NHANVIEN(MANV, MAPHG,HONV,TENNV,NSINHNV,SDTNV,DIACHINV,CCCD,PHAI,LUONG,MANGQL,PHANLOAI)
VALUES(N'QL001VJ',N'QLVJ',N'TRẦN ĐỨC',N'CÔNG','01/02/1980',N'0983823423',
N'135 Nguyễn Thông, Phường 9, Quận 3, Thành phố Hồ Chí Minh',N'089993453411',N'NAM',39000000,NULL,N'Phi công')
GO
INSERT INTO NHANVIEN(MANV, MAPHG,HONV,TENNV,NSINHNV,SDTNV,DIACHINV,CCCD,PHAI,LUONG,MANGQL,PHANLOAI)
VALUES(N'QL002VJ',N'QLVJ',N'HOÀNG XUÂN',N'HUYỀN','02/04/1987',N'0823242342',
N'40/100D Nguyễn Thông, Phường 9, Quận 3, Thành phố Hồ Chí Minh',N'083393582211',N'NỮ',26000000,N'QL001VJ',N'Phi công')
GO
INSERT INTO NHANVIEN(MANV, MAPHG,HONV,TENNV,NSINHNV,SDTNV,DIACHINV,CCCD,PHAI,LUONG,MANGQL,PHANLOAI)
VALUES(N'QL003VJ',N'QLVJ',N'VŨ ĐỨC',N'THUẬN','05/12/1986',N'0293482221',
N'540 Cách Mạng Tháng 8, Phường 6, Quận 3, Thành phố Hồ Chí Minh',N'072384284123',N'NAM',21000000,N'QL001VJ',N'Phi công')
GO
INSERT INTO NHANVIEN(MANV, MAPHG,HONV,TENNV,NSINHNV,SDTNV,DIACHINV,CCCD,PHAI,LUONG,MANGQL,PHANLOAI)
VALUES(N'NV001VJ',N'KTVJ',N'KIỀU MẠNH',N'CƯỜNG','09/05/1994',N'0893453422',
N'294 Đ. Trần Văn Đang, Phường 11, Quận 3, Thành phố Hồ Chí Minh',N'025728352124',N'NAM',10800000,N'QL003VJ',N'Phi công')
GO
INSERT INTO NHANVIEN(MANV, MAPHG,HONV,TENNV,NSINHNV,SDTNV,DIACHINV,CCCD,PHAI,LUONG,MANGQL,PHANLOAI)
VALUES(N'NV002VJ',N'KTVJ',N'ĐẶNG ĐÌNH',N'LONG','07/05/1993',N'0237423511',
N'30 Đoàn Văn Bơ, Phường 16, Quận 4, Thành phố Hồ Chí Minh',N'094834234231',N'NAM',11590000,N'QL003VJ',N'Phi công')
GO
INSERT INTO NHANVIEN(MANV, MAPHG,HONV,TENNV,NSINHNV,SDTNV,DIACHINV,CCCD,PHAI,LUONG,MANGQL,PHANLOAI)
VALUES(N'NV003VJ',N'KTVJ',N'VŨ HOÀNG',N'LÂN','2/12/1991',N'0883453421',
N'22/3A Tôn Thất Thuyết, Phường 16, Quận 4, Thành phố Hồ Chí Minh',N'083589722351',N'NAM',14790000,N'QL003VJ',N'Phi công')
GO
INSERT INTO NHANVIEN(MANV, MAPHG,HONV,TENNV,NSINHNV,SDTNV,DIACHINV,CCCD,PHAI,LUONG,MANGQL,PHANLOAI)
VALUES(N'NV004VJ',N'DHVJ',N'NGUYỄN TIẾN',N'THÀNH','01/01/1998',N'0988345312',
N'457/6 Hoà Hảo, Phường 5, Quận 10, Thành phố Hồ Chí Minh',N'086298362211',N'NAM',19400000,N'QL002VJ',N'Phi công')
GO
INSERT INTO NHANVIEN(MANV, MAPHG,HONV,TENNV,NSINHNV,SDTNV,DIACHINV,CCCD,PHAI,LUONG,MANGQL,PHANLOAI)
VALUES(N'NV005VJ',N'DHVJ',N'NGUYỄN VIỆT',N'HÙNG','09/12/1993',N'0772384232',
N'21 Nguyễn Kim, Phường 12, Quận 5, Thành phố Hồ Chí Minh',N'085823572311',N'NAM',16600000,N'QL002VJ',N'Phi công')
GO
INSERT INTO NHANVIEN(MANV, MAPHG,HONV,TENNV,NSINHNV,SDTNV,DIACHINV,CCCD,PHAI,LUONG,MANGQL,PHANLOAI)
VALUES(N'NV006VJ',N'DHVJ',N'PHẠM VĂN',N'CHÚC','06/02/1997',N'0978342377',
N'21 Nguyễn Kim, Phường 7, Quận 5, Thành phố Hồ Chí Minh',N'088723647234',N'NAM',14000000,N'QL002VJ',N'Phi công')
GO
INSERT INTO NHANVIEN(MANV, MAPHG,HONV,TENNV,NSINHNV,SDTNV,DIACHINV,CCCD,PHAI,LUONG,MANGQL,PHANLOAI)
VALUES(N'NV007VJ',N'DHVJ',N'LÊ VĂN',N'HIỆP','09/12/1993',N'0977832411',
N'215B Mai Xuân Thưởng, Phường 6, Quận 6, Thành phố Hồ Chí Minh',N'092734124123',N'NAM',15000000,N'QL002VJ',N'Phi công')
GO
INSERT INTO NHANVIEN(MANV, MAPHG,HONV,TENNV,NSINHNV,SDTNV,DIACHINV,CCCD,PHAI,LUONG,MANGQL,PHANLOAI)
VALUES(N'QL001VAL',N'QLVAL',N'VŨ KHẮC',N'TIỆP','01/02/1981',N'0977383241',
N'A24 Cống Quỳnh, Phường Nguyễn Cư Trinh, Quận 1, Thành phố Hồ Chí Minh',N'078234153512',N'NAM',30000000,NULL,N'Phi công')
GO
INSERT INTO NHANVIEN(MANV, MAPHG,HONV,TENNV,NSINHNV,SDTNV,DIACHINV,CCCD,PHAI,LUONG,MANGQL,PHANLOAI)
VALUES(N'QL002VAL',N'QLVAL',N'NGUYỄN ĐÌNH',N'HƯNG','02/04/1986',N'0893472813',
N'59 Đoàn Văn Bơ, Phường 16, Quận 4, Thành phố Hồ Chí Minh',N'082854251221',N'NAM',28500000,N'QL001VAL',N'Phi công')
GO
INSERT INTO NHANVIEN(MANV, MAPHG,HONV,TENNV,NSINHNV,SDTNV,DIACHINV,CCCD,PHAI,LUONG,MANGQL,PHANLOAI)
VALUES(N'QL003VAL',N'QLVAL',N'PHẠM THANH',N'SƠN','05/12/1986',N'0913857428',
N'A19 Cống Quỳnh, Phường Nguyễn Cư Trinh, Quận 1, Thành phố Hồ Chí Minh',N'012772532342',N'NAM',24590000,N'QL001VAL',N'Phi công')
GO
INSERT INTO NHANVIEN(MANV, MAPHG,HONV,TENNV,NSINHNV,SDTNV,DIACHINV,CCCD,PHAI,LUONG,MANGQL,PHANLOAI)
VALUES(N'NV001VAL',N'KTVAL',N'NGUYỄN VĂN',N'HOAN','09/05/1994',N'0842748210',
N'76 Đường Thạnh Mỹ Lợi, Phường Thạnh Mỹ Lợi, Quận 2, Thành phố Hồ Chí Minh',N'088734523111',N'NAM',14790000,N'QL003VAL',N'Phi công')
GO
INSERT INTO NHANVIEN(MANV, MAPHG,HONV,TENNV,NSINHNV,SDTNV,DIACHINV,CCCD,PHAI,LUONG,MANGQL,PHANLOAI)
VALUES(N'NV002VAL',N'KTVAL',N'VÕ VĂN',N'TUẤN','07/06/1993',N'0957281245',
N'123 Trương Văn Bang, Phường Thạnh Mỹ Lợi, Quận 2, Thành phố Hồ Chí Minh',N'078345302342',N'NAM',19400000,N'QL003VAL',N'Phi công')
GO--
INSERT INTO NHANVIEN(MANV, MAPHG,HONV,TENNV,NSINHNV,SDTNV,DIACHINV,CCCD,PHAI,LUONG,MANGQL,PHANLOAI)
VALUES(N'NV003VAL',N'KTVAL',N'PHAN QUỐC',N'HUY','19/06/1991',N'0957218245',
N'36 Lê Văn Sỹ, Phường 14, Quận 3, Thành phố Hồ Chí Minh',N'097878235223',N'NAM',17800000,N'QL003VAL',N'Phi công')
GO
INSERT INTO NHANVIEN(MANV, MAPHG,HONV,TENNV,NSINHNV,SDTNV,DIACHINV,CCCD,PHAI,LUONG,MANGQL,PHANLOAI)
VALUES(N'NV004VAL',N'DHVAL',N'VÕ VĂN',N'TRỌNG','01/01/1998',N'0977723412',
N'175 Nguyễn Thông, Phường 9, Quận 3, Thành phố Hồ Chí Minh',N'099478539464',N'NAM',16400000,N'QL002VAL',N'Phi công')
GO
INSERT INTO NHANVIEN(MANV, MAPHG,HONV,TENNV,NSINHNV,SDTNV,DIACHINV,CCCD,PHAI,LUONG,MANGQL,PHANLOAI)
VALUES(N'NV005VAL',N'DHVAL',N'NGUYỄN NGUYỆT',N'KIỀU','09/12/1994',N'0987832333',
N'41/100D Nguyễn Thông, Phường 9, Quận 3, Thành phố Hồ Chí Minh',N'092785295322',N'NỮ',14000000,N'QL002VAL',N'Phi công')
GO
INSERT INTO NHANVIEN(MANV, MAPHG,HONV,TENNV,NSINHNV,SDTNV,DIACHINV,CCCD,PHAI,LUONG,MANGQL,PHANLOAI)
VALUES(N'NV006VAL',N'DHVAL',N'TRẦN THỊ',N'THỦY','15/02/1997',N'0942378652',
N'540 Cách Mạng Tháng 8, Phường 6, Quận 3, Thành phố Hồ Chí Minh',N'078934535235',N'NỮ',15000000,N'QL002VAL',N'Phi công')
GO
INSERT INTO NHANVIEN(MANV, MAPHG,HONV,TENNV,NSINHNV,SDTNV,DIACHINV,CCCD,PHAI,LUONG,MANGQL, PHANLOAI)
VALUES(N'NV007VAL',N'DHVAL',N'NGÔ ĐÌNH',N'LONG','9/11/1993',N'0386385532',
N'294 Đ. Trần Văn Đang, Phường 11, Quận 3, Thành phố Hồ Chí Minh',N'089896336463',N'NAM',14980000,N'QL002VAL',N'Phi công')
GO
INSERT INTO MAYBAY(SOHIEU, MAHANGHK)
VALUES(N'BAM8326F13',N'BAM')
GO
INSERT INTO MAYBAY(SOHIEU, MAHANGHK)
VALUES(N'BAM1226Y76',N'BAM')
GO
INSERT INTO MAYBAY(SOHIEU, MAHANGHK)
VALUES(N'VJ468822I98',N'VJ')
GO
INSERT INTO MAYBAY(SOHIEU, MAHANGHK)
VALUES(N'VJ834903L85',N'VJ')
GO
INSERT INTO MAYBAY(SOHIEU, MAHANGHK)
VALUES(N'VAL93843O11',N'VAL')
GO
INSERT INTO MAYBAY(SOHIEU, MAHANGHK)
VALUES(N'VAL23734T22',N'VAL')
go
insert into	HANHKHACH(MAHK, HOKH, TENHK, NAMSINHHK, QT, PHAI, SDTHK, DIACHIHK, SOHOCHIEU)
values(N'HK001',N'NGUYỄN VĂN',N'CHIẾN',N'1/5/1999',N'VIỆT NAM',N'NAM',N'0834234341',N'63/44E Tô Hiến Thành, Phường 15, Quận 10, Thành phố Hồ Chí Minh',N'127583292')
go
insert into	HANHKHACH(MAHK, HOKH, TENHK, NAMSINHHK, QT, PHAI, SDTHK, DIACHIHK, SOHOCHIEU)
values(N'HK002',N'NGUYỄN LÂM',N'ANH',N'7/7/1992',N'VIỆT NAM',N'NỮ',N'0382346623',N'63/44E Tô Hiến Thành, Phường 15, Quận 10, Thành phố Hồ Chí Minh',N'829236573')
go
insert into	HANHKHACH(MAHK, HOKH, TENHK, NAMSINHHK, QT, PHAI, SDTHK, DIACHIHK, SOHOCHIEU)
values(N'HK003',N'NGUYỄN PHẠM HOÀI',N'THANH',N'7/9/2000',N'VIỆT NAM',N'NỮ',N'0923472423',N'10 Đ. Nguyễn Ngọc Lộc, Phường 14, Quận 10, Thành phố Hồ Chí Minh',N'823485993')
go
insert into	HANHKHACH(MAHK, HOKH, TENHK, NAMSINHHK, QT, PHAI, SDTHK, DIACHIHK, SOHOCHIEU)
values(N'HK004',N'TRẦN NGỌC',N'ANH',N'12/5/2001',N'VIỆT NAM',N'NỮ',N'0917112412',N'163/8 Đ. Thành Thái, Phường 14, Quận 10, Thành phố Hồ Chí Minh',N'738294732')
go
insert into	HANHKHACH(MAHK, HOKH, TENHK, NAMSINHHK, QT, PHAI, SDTHK, DIACHIHK, SOHOCHIEU)
values(N'HK005',N'VÕ XUÂN',N'NGỌC',N'2/7/1989',N'VIỆT NAM',N'NỮ',N'0894573423',N'1 Trường Sơn, Phường 15, Quận 10, Thành phố Hồ Chí Minh',N'834235235')
go
insert into	HANHKHACH(MAHK, HOKH, TENHK, NAMSINHHK, QT, PHAI, SDTHK, DIACHIHK, SOHOCHIEU)
values(N'HK006',N'ĐINH THÀNH',N'LÂM',N'1/1/1999',N'VIỆT NAM',N'NAM',N'0784271234',N'73 Hẻm 281 Lý Thường Kiệt, Phường 15, Quận 11, Thành phố Hồ Chí Minh',N'534672322')
go
insert into	HANHKHACH(MAHK, HOKH, TENHK, NAMSINHHK, QT, PHAI, SDTHK, DIACHIHK, SOHOCHIEU)
values(N'HK007',N'VÕ THÀNH',N'ĐẠT',N'22/5/1996',N'VIỆT NAM',N'NAM',N'0923749646',N'299/23F Lý Thường Kiệt, Phường 15, Quận 11, Thành phố Hồ Chí Minh',N'752342124')
go
insert into	HANHKHACH(MAHK, HOKH, TENHK, NAMSINHHK, QT, PHAI, SDTHK, DIACHIHK, SOHOCHIEU)
values(N'HK008',N'NGUYỄN TIẾN',N'CÔNG',N'28/4/1998',N'VIỆT NAM',N'NAM',N'8842342334',N'794 Nguyễn Chí Thanh, Phường 4, Quận 11, Thành phố Hồ Chí Minh',N'745234222')
go
insert into	HANHKHACH(MAHK, HOKH, TENHK, NAMSINHHK, QT, PHAI, SDTHK, DIACHIHK, SOHOCHIEU)
values(N'HK009',N'VÕ THỊ',N'THU',N'1/5/1999',N'VIỆT NAM',N'NỮ',N'8234234234',N'70 Lữ Gia, Phường 15, Quận 11, Thành phố Hồ Chí Minh',N'883452343')
go
insert into	HANHKHACH(MAHK, HOKH, TENHK, NAMSINHHK, QT, PHAI, SDTHK, DIACHIHK, SOHOCHIEU)
values(N'HK010',N'TRẦN NGỌC',N'HƯƠNG',N'7/7/1992',N'VIỆT NAM',N'NỮ',N'0734423523',N'299/23 Lý Thường Kiệt, Phường 15, Quận 11, Thành phố Hồ Chí Minh',N'987742343')
go
insert into	HANHKHACH(MAHK, HOKH, TENHK, NAMSINHHK, QT, PHAI, SDTHK, DIACHIHK, SOHOCHIEU)
values(N'HK011',N'LÊ THỊ',N'LÀI',N'7/9/2000',N'VIỆT NAM',N'NỮ',N'0127847353',N'99/26 Lê Văn Khương, Tân Thới An, Quận 12, Thành phố Hồ Chí Minh',N'673424533')
go
insert into	HANHKHACH(MAHK, HOKH, TENHK, NAMSINHHK, QT, PHAI, SDTHK, DIACHIHK, SOHOCHIEU)
values(N'HK012',N'NGUYỄN LONG',N'NHẬT',N'12/5/2001',N'VIỆT NAM',N'NAM',N'8283424523',N'Tân Chánh Hiệp 25, Tân Chánh Hiệp, Quận 12, Thành phố Hồ Chí Minh',N'235826233')
go
insert into	HANHKHACH(MAHK, HOKH, TENHK, NAMSINHHK, QT, PHAI, SDTHK, DIACHIHK, SOHOCHIEU)
values(N'HK013',N'TRẦN PHÚ',N'VINH',N'2/7/1989',N'VIỆT NAM',N'NAM',N'9147715353',N'50 Thạnh Xuân 38, Thạnh Xuân, Quận 12, Thành phố Hồ Chí Minh',N'737284112')
go
insert into	HANHKHACH(MAHK, HOKH, TENHK, NAMSINHHK, QT, PHAI, SDTHK, DIACHIHK, SOHOCHIEU)
values(N'HK014',N'MAI THÁI',N'VINH',N'1/3/2003',N'VIỆT NAM',N'NAM',N'0974828523',N'60X/7 Xô Viết Nghệ Tĩnh, P.25, Bình Thạnh, Thành phố Hồ Chí Minh',N'972342533')
go
insert into	HANHKHACH(MAHK, HOKH, TENHK, NAMSINHHK, QT, PHAI, SDTHK, DIACHIHK, SOHOCHIEU)
values(N'HK015',N'REBECCA',N'MARY',N'6/7/1995',N'MỸ',N'NỮ',N'8239857233',N'235 Xô Viết Nghệ Tĩnh, Phường 17, Bình Thạnh, Thành phố Hồ Chí Minh',N'361231242')
go
insert into	HANHKHACH(MAHK, HOKH, TENHK, NAMSINHHK, QT, PHAI, SDTHK, DIACHIHK, SOHOCHIEU)
values(N'HK016',N'BROWN',N'HENRY',N'7/8/1994',N'ANH',N'NAM',N'9994564544',N'46/9 Bùi Đình Tuý, Phường 12, Bình Thạnh, Thành phố Hồ Chí Minh',N'264632345')
go
insert into	HANHKHACH(MAHK, HOKH, TENHK, NAMSINHHK, QT, PHAI, SDTHK, DIACHIHK, SOHOCHIEU)
values(N'HK017',N'DAVIS',N'JAME',N'12/11/1993',N'CANADA',N'NAM',N'9847534634',N'77 Thích Quảng Đức, Phường 5, Phú Nhuận, Thành phố Hồ Chí Minh',N'252354775')
go
insert into	HANHKHACH(MAHK, HOKH, TENHK, NAMSINHHK, QT, PHAI, SDTHK, DIACHIHK, SOHOCHIEU)
values(N'HK018',N'ROSS',N'LIVIA',N'14/12/1992',N'Ý',N'NỮ',N'8834853045',N'30 Đào Duy Anh, Phường 9, Phú Nhuận, Thành phố Hồ Chí Minh',N'236264643')
go
insert into	HANHKHACH(MAHK, HOKH, TENHK, NAMSINHHK, QT, PHAI, SDTHK, DIACHIHK, SOHOCHIEU)
values(N'HK019',N'THOMAS',N'JOHN',N'10/10/2001',N'MỸ',N'NAM',N'9783476441',N'621 Nguyễn Kiệm, Phường 9, Phú Nhuận, Thành phố Hồ Chí Minh',N'575345223')
go
insert into	HANHKHACH(MAHK, HOKH, TENHK, NAMSINHHK, QT, PHAI, SDTHK, DIACHIHK, SOHOCHIEU)
values(N'HK020',N'GOMEZ',N'LENAGRY',N'30/4/1996',N'ANH',N'NỮ',N'0823576451',N'Nguyễn Trọng Tuyển, Phường 2, Phú Nhuận, Thành phố Hồ Chí Minh',N'632342343')
GO
INSERT INTO CHUYENBAY(MACHUYENBAY, MAHANGHK,SBKHOIHANH,DDIEMKHOIHANH,SBTRUNGCHUYEN,SBDEN,DDIEMDEN)
VALUES(N'HN102SG',N'BAM',N'NỘI BÀI',N'HÀ NỘI (VIỆT NAM)',NULL,N'TÂN SƠN NHẤT',N'HỒ CHÍ MINH (VIỆT NAM)')
GO
INSERT INTO CHUYENBAY(MACHUYENBAY, MAHANGHK,SBKHOIHANH,DDIEMKHOIHANH,SBTRUNGCHUYEN,SBDEN,DDIEMDEN)
VALUES(N'SG347HN',N'BAM',N'TÂN SƠN NHẤT',N'HỒ CHÍ MINH (VIỆT NAM)',NULL,N'NỘI BÀI',N'HÀ NỘI (VIỆT NAM)')
GO
INSERT INTO CHUYENBAY(MACHUYENBAY, MAHANGHK,SBKHOIHANH,DDIEMKHOIHANH,SBTRUNGCHUYEN,SBDEN,DDIEMDEN)
VALUES(N'SG982QN',N'BAM',N'TÂN SƠN NHẤT',N'HỒ CHÍ MINH (VIỆT NAM)',NULL,N'VÂN ĐỒN',N'QUẢNG NINH (VIỆT NAM)')
GO
INSERT INTO CHUYENBAY(MACHUYENBAY, MAHANGHK,SBKHOIHANH,DDIEMKHOIHANH,SBTRUNGCHUYEN,SBDEN,DDIEMDEN)
VALUES(N'HN883CA',N'VJ',N'NỘI BÀI',N'HÀ NỘI (VIỆT NAM)',N'BẮC KINH (TRUNG QUỐC)',N'TÂN SƠN NHẤT',N'HỒ CHÍ MINH (VIỆT NAM)')
GO
INSERT INTO CHUYENBAY(MACHUYENBAY, MAHANGHK,SBKHOIHANH,DDIEMKHOIHANH,SBTRUNGCHUYEN,SBDEN,DDIEMDEN)
VALUES(N'V934SG',N'VJ',N'VINH',N'VINH (VIỆT NAM)',NULL,N'TÂN SƠN NHẤT',N'HỒ CHÍ MINH (VIỆT NAM)')
GO
INSERT INTO CHUYENBAY(MACHUYENBAY, MAHANGHK,SBKHOIHANH,DDIEMKHOIHANH,SBTRUNGCHUYEN,SBDEN,DDIEMDEN)
VALUES(N'HN550H',N'VJ',N'NỘI BÀI',N'HÀ NỘI (VIỆT NAM)',NULL,N'PHÚ BÀI',N'HUẾ (VIỆT NAM)')
GO
INSERT INTO CHUYENBAY(MACHUYENBAY, MAHANGHK,SBKHOIHANH,DDIEMKHOIHANH,SBTRUNGCHUYEN,SBDEN,DDIEMDEN)
VALUES(N'HN783HQ',N'VAL',N'NỘI BÀI',N'HÀ NỘI (VIỆT NAM)',NULL,N'JEJU',N'JEJU (HÀN QUỐC)')
GO
INSERT INTO CHUYENBAY(MACHUYENBAY, MAHANGHK,SBKHOIHANH,DDIEMKHOIHANH,SBTRUNGCHUYEN,SBDEN,DDIEMDEN)
VALUES(N'SG912M',N'VAL',N'TÂN SƠN NHẤT',N'HỒ CHÍ MINH (VIỆT NAM)',N'INCHEON (HÀN QUỐC)',N'JOHN F KENEDY',N'NEW YORK (MỸ)')
GO
INSERT INTO CHUYENBAY(MACHUYENBAY, MAHANGHK,SBKHOIHANH,DDIEMKHOIHANH,SBTRUNGCHUYEN,SBDEN,DDIEMDEN)
VALUES(N'BD609QN',N'VAL',N'PHÙ CÁT',N'BÌNH ĐỊNH (VIỆT NAM)',NULL,N'VÂN ĐỒN',N'QUẢNG NINH (VIỆT NAM)')
GO
INSERT INTO LICHBAY(MACHUYENBAY, GIOKHOIHANH,NGAYKHOIHANH,SOHIEU)
VALUES(N'HN102SG',N'02:45','02/01/2021',N'BAM8326F13')
GO
INSERT INTO LICHBAY(MACHUYENBAY, GIOKHOIHANH,NGAYKHOIHANH,SOHIEU)
VALUES(N'HN102SG',N'13:45','02/01/2021',N'BAM1226Y76')
GO
INSERT INTO LICHBAY(MACHUYENBAY, GIOKHOIHANH,NGAYKHOIHANH,SOHIEU)
VALUES(N'SG347HN',N'01:00','05/03/2022',N'BAM1226Y76')
GO
INSERT INTO LICHBAY(MACHUYENBAY, GIOKHOIHANH,NGAYKHOIHANH,SOHIEU)
VALUES(N'SG347HN',N'01:00','04/08/2022',N'BAM8326F13')
GO
INSERT INTO LICHBAY(MACHUYENBAY, GIOKHOIHANH,NGAYKHOIHANH,SOHIEU)
VALUES(N'SG982QN',N'02:00','11/05/2020',N'BAM1226Y76')
GO
INSERT INTO LICHBAY(MACHUYENBAY, GIOKHOIHANH,NGAYKHOIHANH,SOHIEU)
VALUES(N'SG982QN',N'02:00','03/02/2020',N'BAM1226Y76')
GO
INSERT INTO LICHBAY(MACHUYENBAY, GIOKHOIHANH,NGAYKHOIHANH,SOHIEU)
VALUES(N'HN883CA',N'03:00','05/06/2018',N'VJ468822I98')
GO
INSERT INTO LICHBAY(MACHUYENBAY, GIOKHOIHANH,NGAYKHOIHANH,SOHIEU)
VALUES(N'V934SG',N'11:00','02/07/2022',N'VJ834903L85')
GO
INSERT INTO LICHBAY(MACHUYENBAY, GIOKHOIHANH,NGAYKHOIHANH,SOHIEU)
VALUES(N'V934SG',N'11:00','01/07/2022',N'VJ834903L85')
GO
INSERT INTO LICHBAY(MACHUYENBAY, GIOKHOIHANH,NGAYKHOIHANH,SOHIEU)
VALUES(N'HN550H',N'22:00','09/10/2022',N'VJ834903L85')
GO
INSERT INTO LICHBAY(MACHUYENBAY, GIOKHOIHANH,NGAYKHOIHANH,SOHIEU)
VALUES(N'HN550H',N'01:45','09/10/2022',N'VJ834903L85')
GO
INSERT INTO LICHBAY(MACHUYENBAY, GIOKHOIHANH,NGAYKHOIHANH,SOHIEU)
VALUES(N'HN783HQ',N'10:30','20/03/2021',N'VAL23734T22')
GO
INSERT INTO LICHBAY(MACHUYENBAY, GIOKHOIHANH,NGAYKHOIHANH,SOHIEU)
VALUES(N'SG912M',N'01:30','25/06/2021',N'VAL23734T22')
GO
INSERT INTO LICHBAY(MACHUYENBAY, GIOKHOIHANH,NGAYKHOIHANH,SOHIEU)
VALUES(N'BD609QN',N'12:40','03/05/2019',N'VAL93843O11')
GO
INSERT INTO LICHBAY(MACHUYENBAY, GIOKHOIHANH,NGAYKHOIHANH,SOHIEU)
VALUES(N'BD609QN',N'05:45','03/05/2019',N'VAL93843O11')

GO
INSERT INTO VEMAYBAY(MAHK,MASOVE,MALOAIVE,GIAVE,KLHL,MACHUYENBAY,MASOGHE,GIOKHOIHANH,NGAYKHOIHANH)
VALUES(N'HK001',N'11AFC',N'FC',400000,3,N'HN102SG',N'11A',N'02:45','02/01/2021')
GO
INSERT INTO VEMAYBAY(MAHK,MASOVE,MALOAIVE,GIAVE,KLHL,MACHUYENBAY,MASOGHE,GIOKHOIHANH,NGAYKHOIHANH)
VALUES(N'HK002',N'42BEC',N'EC',200000,2,N'HN102SG',N'42B',N'02:45','02/01/2021')
GO
INSERT INTO VEMAYBAY(MAHK,MASOVE,MALOAIVE,GIAVE,KLHL,MACHUYENBAY,MASOGHE,GIOKHOIHANH,NGAYKHOIHANH)
VALUES(N'HK003',N'56FFC',N'FC',400000,3,N'SG347HN',N'56F',N'01:00','05/03/2022')
GO
INSERT INTO VEMAYBAY(MAHK,MASOVE,MALOAIVE,GIAVE,KLHL,MACHUYENBAY,MASOGHE,GIOKHOIHANH,NGAYKHOIHANH)
VALUES(N'HK004',N'40HEC',N'EC',200000,8,N'SG347HN',N'40H',N'01:00','04/08/2022')
GO
INSERT INTO VEMAYBAY(MAHK,MASOVE,MALOAIVE,GIAVE,KLHL,MACHUYENBAY,MASOGHE,GIOKHOIHANH,NGAYKHOIHANH)
VALUES(N'HK005',N'55HEC',N'EC',150000,9,N'SG982QN',N'55H',N'02:00','11/05/2020')
GO
INSERT INTO VEMAYBAY(MAHK,MASOVE,MALOAIVE,GIAVE,KLHL,MACHUYENBAY,MASOGHE,GIOKHOIHANH,NGAYKHOIHANH)
VALUES(N'HK006',N'12AFC',N'FC',300000,14,N'SG982QN',N'12A',N'02:00','11/05/2020')
GO
INSERT INTO VEMAYBAY(MAHK,MASOVE,MALOAIVE,GIAVE,KLHL,MACHUYENBAY,MASOGHE,GIOKHOIHANH,NGAYKHOIHANH)
VALUES(N'HK007',N'41FFC',N'FC',1500000,9,N'HN883CA',N'41F',N'03:00','05/06/2018')
GO
INSERT INTO VEMAYBAY(MAHK,MASOVE,MALOAIVE,GIAVE,KLHL,MACHUYENBAY,MASOGHE,GIOKHOIHANH,NGAYKHOIHANH)
VALUES(N'HK008',N'39AFC',N'FC',300000,10,N'V934SG',N'39A',N'11:00','02/07/2022')
GO
INSERT INTO VEMAYBAY(MAHK,MASOVE,MALOAIVE,GIAVE,KLHL,MACHUYENBAY,MASOGHE,GIOKHOIHANH,NGAYKHOIHANH)
VALUES(N'HK009',N'38BEC',N'EC',150000,6,N'V934SG',N'38B',N'11:00','01/07/2022')
GO
INSERT INTO VEMAYBAY(MAHK,MASOVE,MALOAIVE,GIAVE,KLHL,MACHUYENBAY,MASOGHE,GIOKHOIHANH,NGAYKHOIHANH)
VALUES(N'HK010',N'34CBC',N'BC',300000,12,N'HN550H',N'34C',N'22:00','09/10/2022')
GO
INSERT INTO VEMAYBAY(MAHK,MASOVE,MALOAIVE,GIAVE,KLHL,MACHUYENBAY,MASOGHE,GIOKHOIHANH,NGAYKHOIHANH)
VALUES(N'HK011',N'44CBC',N'BC',300000,2,N'HN550H',N'44C',N'01:45','09/10/2022')
GO
INSERT INTO VEMAYBAY(MAHK,MASOVE,MALOAIVE,GIAVE,KLHL,MACHUYENBAY,MASOGHE,GIOKHOIHANH,NGAYKHOIHANH)
VALUES(N'HK012',N'15AEC',N'EC',150000,17,N'HN783HQ',N'15A',N'10:30','20/03/2021')
GO
INSERT INTO VEMAYBAY(MAHK,MASOVE,MALOAIVE,GIAVE,KLHL,MACHUYENBAY,MASOGHE,GIOKHOIHANH,NGAYKHOIHANH)
VALUES(N'HK013',N'35FFC',N'FC',2000000,14,N'SG912M',N'35F',N'01:30','25/06/2021')
GO
INSERT INTO VEMAYBAY(MAHK,MASOVE,MALOAIVE,GIAVE,KLHL,MACHUYENBAY,MASOGHE,GIOKHOIHANH,NGAYKHOIHANH)
VALUES(N'HK014',N'10BFC',N'FC',400000,15,N'BD609QN',N'10B',N'12:40','03/05/2019')
GO
INSERT INTO VEMAYBAY(MAHK,MASOVE,MALOAIVE,GIAVE,KLHL,MACHUYENBAY,MASOGHE,GIOKHOIHANH,NGAYKHOIHANH)
VALUES(N'HK015',N'18BFC',N'FC',400000,11,N'BD609QN',N'18B',N'12:40','03/05/2019')
GO
INSERT INTO VEMAYBAY(MAHK,MASOVE,MALOAIVE,GIAVE,KLHL,MACHUYENBAY,MASOGHE,GIOKHOIHANH,NGAYKHOIHANH)
VALUES(N'HK016',N'14AFC',N'FC',400000,5,N'HN550H',N'14A',N'01:45','09/10/2022')
GO
INSERT INTO VEMAYBAY(MAHK,MASOVE,MALOAIVE,GIAVE,KLHL,MACHUYENBAY,MASOGHE,GIOKHOIHANH,NGAYKHOIHANH)
VALUES(N'HK017',N'19AFC',N'FC',400000,3,N'V934SG',N'19A',N'11:00','01/07/2022')
GO
INSERT INTO VEMAYBAY(MAHK,MASOVE,MALOAIVE,GIAVE,KLHL,MACHUYENBAY,MASOGHE,GIOKHOIHANH,NGAYKHOIHANH)
VALUES(N'HK018',N'03FBC',N'BC',300000,6,N'V934SG',N'03F',N'11:00','01/07/2022')
GO
INSERT INTO VEMAYBAY(MAHK,MASOVE,MALOAIVE,GIAVE,KLHL,MACHUYENBAY,MASOGHE,GIOKHOIHANH,NGAYKHOIHANH)
VALUES(N'HK019',N'09FBC',N'BC',300000,6,N'HN783HQ',N'09F',N'10:30','20/03/2021')
GO
INSERT INTO VEMAYBAY(MAHK,MASOVE,MALOAIVE,GIAVE,KLHL,MACHUYENBAY,MASOGHE,GIOKHOIHANH,NGAYKHOIHANH)
VALUES(N'HK020',N'24CPC',N'FC',250000,9,N'SG982QN',N'24C',N'02:00','11/05/2020')
GO
INSERT INTO VEMAYBAY(MAHK,MASOVE,MALOAIVE,GIAVE,KLHL,MACHUYENBAY,MASOGHE,GIOKHOIHANH,NGAYKHOIHANH)
VALUES(N'HK009',N'24APC',N'FC',2200000,19,N'SG912M',N'24A',N'01:30','25/06/2021')
GO
INSERT INTO VEMAYBAY(MAHK,MASOVE,MALOAIVE,GIAVE,KLHL,MACHUYENBAY,MASOGHE,GIOKHOIHANH,NGAYKHOIHANH)
VALUES(N'HK012',N'54ABC',N'BC',300000,12,N'HN550H',N'54A',N'01:45','09/10/2022')
GO
INSERT INTO VEMAYBAY(MAHK,MASOVE,MALOAIVE,GIAVE,KLHL,MACHUYENBAY,MASOGHE,GIOKHOIHANH,NGAYKHOIHANH)
VALUES(N'HK004',N'13AFC',N'FC',350000,5,N'BD609QN',N'13A',N'12:40','03/05/2019')
GO
INSERT INTO VEMAYBAY(MAHK,MASOVE,MALOAIVE,GIAVE,KLHL,MACHUYENBAY,MASOGHE,GIOKHOIHANH,NGAYKHOIHANH)
VALUES(N'HK002',N'24FPC',N'PC',300000,16,N'V934SG',N'24F',N'11:00','02/07/2022')
GO
INSERT INTO VEMAYBAY(MAHK,MASOVE,MALOAIVE,GIAVE,KLHL,MACHUYENBAY,MASOGHE,GIOKHOIHANH,NGAYKHOIHANH)
VALUES(N'HK020',N'24GPC',N'PC',250000,16,N'HN550H',N'24G',N'22:00','09/10/2022')

GO
INSERT INTO PHANCONG(MANV,MACHUYENBAY,GIOKHOIHANH,NGAYKHOIHANH,SOGIOBAY)
VALUES(N'NV003BAM',N'HN102SG',N'02:45','02/01/2021',2)
GO
INSERT INTO PHANCONG(MANV,MACHUYENBAY,GIOKHOIHANH,NGAYKHOIHANH,SOGIOBAY)
VALUES(N'NV004BAM',N'HN102SG',N'02:45','02/01/2021',2)
GO
INSERT INTO PHANCONG(MANV,MACHUYENBAY,GIOKHOIHANH,NGAYKHOIHANH,SOGIOBAY)
VALUES(N'NV005BAM',N'HN102SG',N'02:45','02/01/2021',2)
GO
INSERT INTO PHANCONG(MANV,MACHUYENBAY,GIOKHOIHANH,NGAYKHOIHANH,SOGIOBAY)
VALUES(N'NV003BAM',N'HN102SG',N'13:45','02/01/2021',2)
GO
INSERT INTO PHANCONG(MANV,MACHUYENBAY,GIOKHOIHANH,NGAYKHOIHANH,SOGIOBAY)
VALUES(N'NV004BAM',N'HN102SG',N'13:45','02/01/2021',2)
GO
INSERT INTO PHANCONG(MANV,MACHUYENBAY,GIOKHOIHANH,NGAYKHOIHANH,SOGIOBAY)
VALUES(N'NV005BAM',N'HN102SG',N'13:45','02/01/2021',2)
GO
INSERT INTO PHANCONG(MANV,MACHUYENBAY,GIOKHOIHANH,NGAYKHOIHANH,SOGIOBAY)
VALUES(N'NV006BAM',N'SG347HN',N'01:00','05/03/2022',2)
GO
INSERT INTO PHANCONG(MANV,MACHUYENBAY,GIOKHOIHANH,NGAYKHOIHANH,SOGIOBAY)
VALUES(N'NV007BAM',N'SG347HN',N'01:00','05/03/2022',2)
GO
INSERT INTO PHANCONG(MANV,MACHUYENBAY,GIOKHOIHANH,NGAYKHOIHANH,SOGIOBAY)
VALUES(N'NV004BAM',N'SG347HN',N'01:00','05/03/2022',2)
GO
INSERT INTO PHANCONG(MANV,MACHUYENBAY,GIOKHOIHANH,NGAYKHOIHANH,SOGIOBAY)
VALUES(N'NV002BAM',N'SG347HN',N'01:00','04/08/2022',2)
GO
INSERT INTO PHANCONG(MANV,MACHUYENBAY,GIOKHOIHANH,NGAYKHOIHANH,SOGIOBAY)
VALUES(N'NV006BAM',N'SG347HN',N'01:00','04/08/2022',2)
GO
INSERT INTO PHANCONG(MANV,MACHUYENBAY,GIOKHOIHANH,NGAYKHOIHANH,SOGIOBAY)
VALUES(N'NV007BAM',N'SG347HN',N'01:00','04/08/2022',2)
GO
INSERT INTO PHANCONG(MANV,MACHUYENBAY,GIOKHOIHANH,NGAYKHOIHANH,SOGIOBAY)
VALUES(N'NV001BAM',N'SG982QN',N'02:00','11/05/2020',3)
GO
INSERT INTO PHANCONG(MANV,MACHUYENBAY,GIOKHOIHANH,NGAYKHOIHANH,SOGIOBAY)
VALUES(N'NV002BAM',N'SG982QN',N'02:00','11/05/2020',3)
GO
INSERT INTO PHANCONG(MANV,MACHUYENBAY,GIOKHOIHANH,NGAYKHOIHANH,SOGIOBAY)
VALUES(N'NV003BAM',N'SG982QN',N'02:00','11/05/2020',3)
GO
INSERT INTO PHANCONG(MANV,MACHUYENBAY,GIOKHOIHANH,NGAYKHOIHANH,SOGIOBAY)
VALUES(N'NV004BAM',N'SG982QN',N'02:00','03/02/2020',3)
GO
INSERT INTO PHANCONG(MANV,MACHUYENBAY,GIOKHOIHANH,NGAYKHOIHANH,SOGIOBAY)
VALUES(N'NV007BAM',N'SG982QN',N'02:00','03/02/2020',3)
GO
INSERT INTO PHANCONG(MANV,MACHUYENBAY,GIOKHOIHANH,NGAYKHOIHANH,SOGIOBAY)
VALUES(N'NV001BAM',N'SG982QN',N'02:00','3/2/2020',3)
GO
INSERT INTO PHANCONG(MANV,MACHUYENBAY,GIOKHOIHANH,NGAYKHOIHANH,SOGIOBAY)
VALUES(N'NV001VJ',N'HN883CA',N'03:00','05/06/2018',18)
GO
INSERT INTO PHANCONG(MANV,MACHUYENBAY,GIOKHOIHANH,NGAYKHOIHANH,SOGIOBAY)
VALUES(N'NV005VJ',N'HN883CA',N'03:00','05/06/2018',18)
GO
INSERT INTO PHANCONG(MANV,MACHUYENBAY,GIOKHOIHANH,NGAYKHOIHANH,SOGIOBAY)
VALUES(N'NV006VJ',N'HN883CA',N'03:00','05/06/2018',18)
GO
INSERT INTO PHANCONG(MANV,MACHUYENBAY,GIOKHOIHANH,NGAYKHOIHANH,SOGIOBAY)
VALUES(N'NV002VJ',N'V934SG',N'11:00','02/07/2022',2)
GO
INSERT INTO PHANCONG(MANV,MACHUYENBAY,GIOKHOIHANH,NGAYKHOIHANH,SOGIOBAY)
VALUES(N'NV004VJ',N'V934SG',N'11:00','02/07/2022',2)
GO
INSERT INTO PHANCONG(MANV,MACHUYENBAY,GIOKHOIHANH,NGAYKHOIHANH,SOGIOBAY)
VALUES(N'NV007VJ',N'V934SG',N'11:00','02/07/2022',2)
GO
INSERT INTO PHANCONG(MANV,MACHUYENBAY,GIOKHOIHANH,NGAYKHOIHANH,SOGIOBAY)
VALUES(N'NV003VJ',N'V934SG',N'11:00','01/07/2022',2)
GO
INSERT INTO PHANCONG(MANV,MACHUYENBAY,GIOKHOIHANH,NGAYKHOIHANH,SOGIOBAY)
VALUES(N'NV005VJ',N'V934SG',N'11:00','01/07/2022',2)
GO
INSERT INTO PHANCONG(MANV,MACHUYENBAY,GIOKHOIHANH,NGAYKHOIHANH,SOGIOBAY)
VALUES(N'NV007VJ',N'V934SG',N'11:00','01/07/2022',2)
GO
INSERT INTO PHANCONG(MANV,MACHUYENBAY,GIOKHOIHANH,NGAYKHOIHANH,SOGIOBAY)
VALUES(N'NV001VJ',N'HN550H',N'22:00','09/10/2022',1)
GO
INSERT INTO PHANCONG(MANV,MACHUYENBAY,GIOKHOIHANH,NGAYKHOIHANH,SOGIOBAY)
VALUES(N'NV004VJ',N'HN550H',N'22:00','09/10/2022',1)
GO
INSERT INTO PHANCONG(MANV,MACHUYENBAY,GIOKHOIHANH,NGAYKHOIHANH,SOGIOBAY)
VALUES(N'NV006VJ',N'HN550H',N'22:00','09/10/2022',1)
GO
INSERT INTO PHANCONG(MANV,MACHUYENBAY,GIOKHOIHANH,NGAYKHOIHANH,SOGIOBAY)
VALUES(N'NV002VJ',N'HN550H',N'01:45','09/10/2022',1)
GO
INSERT INTO PHANCONG(MANV,MACHUYENBAY,GIOKHOIHANH,NGAYKHOIHANH,SOGIOBAY)
VALUES(N'NV007VJ',N'HN550H',N'01:45','09/10/2022',1)
GO
INSERT INTO PHANCONG(MANV,MACHUYENBAY,GIOKHOIHANH,NGAYKHOIHANH,SOGIOBAY)
VALUES(N'NV004VJ',N'HN550H',N'01:45','09/10/2022',1)
GO
INSERT INTO PHANCONG(MANV,MACHUYENBAY,GIOKHOIHANH,NGAYKHOIHANH,SOGIOBAY)
VALUES(N'NV001VAL',N'HN783HQ',N'10:30','20/03/2021',6)
GO
INSERT INTO PHANCONG(MANV,MACHUYENBAY,GIOKHOIHANH,NGAYKHOIHANH,SOGIOBAY)
VALUES(N'NV004VAL',N'HN783HQ',N'10:30','20/03/2021',6)
GO
INSERT INTO PHANCONG(MANV,MACHUYENBAY,GIOKHOIHANH,NGAYKHOIHANH,SOGIOBAY)
VALUES(N'NV007VAL',N'HN783HQ',N'10:30','20/03/2021',6)
GO
INSERT INTO PHANCONG(MANV,MACHUYENBAY,GIOKHOIHANH,NGAYKHOIHANH,SOGIOBAY)
VALUES(N'NV002VAL',N'SG912M',N'01:30','25/06/2021',20)
GO
INSERT INTO PHANCONG(MANV,MACHUYENBAY,GIOKHOIHANH,NGAYKHOIHANH,SOGIOBAY)
VALUES(N'NV005VAL',N'SG912M',N'01:30','25/06/2021',20)
GO
INSERT INTO PHANCONG(MANV,MACHUYENBAY,GIOKHOIHANH,NGAYKHOIHANH,SOGIOBAY)
VALUES(N'NV006VAL',N'SG912M',N'01:30','25/06/2021',20)
GO
INSERT INTO PHANCONG(MANV,MACHUYENBAY,GIOKHOIHANH,NGAYKHOIHANH,SOGIOBAY)
VALUES(N'NV003VAL',N'BD609QN',N'12:40','03/05/2019',1)
GO
INSERT INTO PHANCONG(MANV,MACHUYENBAY,GIOKHOIHANH,NGAYKHOIHANH,SOGIOBAY)
VALUES(N'NV005VAL',N'BD609QN',N'12:40','03/05/2019',1)
GO
INSERT INTO PHANCONG(MANV,MACHUYENBAY,GIOKHOIHANH,NGAYKHOIHANH,SOGIOBAY)
VALUES(N'NV007VAL',N'BD609QN',N'12:40','03/05/2019',1)
GO
INSERT INTO PHANCONG(MANV,MACHUYENBAY,GIOKHOIHANH,NGAYKHOIHANH,SOGIOBAY)
VALUES(N'NV002VAL',N'BD609QN',N'05:45','03/05/2019',1)
GO
INSERT INTO PHANCONG(MANV,MACHUYENBAY,GIOKHOIHANH,NGAYKHOIHANH,SOGIOBAY)
VALUES(N'NV004VAL',N'BD609QN',N'05:45','03/05/2019',1)
GO
INSERT INTO PHANCONG(MANV,MACHUYENBAY,GIOKHOIHANH,NGAYKHOIHANH,SOGIOBAY)
VALUES(N'NV006VAL',N'BD609QN',N'05:45','03/05/2019',1)
